-- ------------------------------ Records of iot_credential-- ----------------------------INSERT INTO `iot_credential`(`id`, `username`, `password`, `status`, `project_id`, `type`, `create_time`, `update_time`, `alias`, `description`, `tenant_id`, `mqttPermissionLevel`, `mqtt_permission`) VALUES ('54', 'admin', 'd92be520311b459c51b41c8b1ea5a964', '1', null, 'admin', '2015-10-22 15:31:05', '2015-10-28 09:08:41', null, null, '20', null, null);INSERT INTO `iot_credential`(`id`, `username`, `password`, `status`, `project_id`, `type`, `create_time`, `update_time`, `alias`, `description`, `tenant_id`, `mqttPermissionLevel`, `mqtt_permission`) VALUES ('63', '5efa18e9-9ffd-4018-b5b8-b36e9a560d81', '5ad004d34afc855cf70c97d2da23983d', '1', '89', 'anonymous', '2015-11-05 15:47:12', null, null, null, '20', 'project', 'mqtt:eastsoft:*:*:connection,mqtt:eastsoft:*:*:subscription,mqtt:eastsoft:*:*:publish');INSERT INTO `iot_credential`(`id`, `username`, `password`, `status`, `project_id`, `type`, `create_time`, `update_time`, `alias`, `description`, `tenant_id`, `mqttPermissionLevel`, `mqtt_permission`) VALUES ('64', '8b32ad2f-522b-490a-a19d-8796aaaf4284', 'ec01dfb2f5d907f0615401403a7db0db', '1', '89', 'device', '2015-11-05 15:48:14', null, '工程证书', null, '20', 'project', 'mqtt:eastsoft:*:*:publish,mqtt:eastsoft:*:*:subscription,mqtt:eastsoft:*:*:connection');INSERT INTO `iot_credential`(`id`, `username`, `password`, `status`, `project_id`, `type`, `create_time`, `update_time`, `alias`, `description`, `tenant_id`, `mqttPermissionLevel`, `mqtt_permission`) VALUES ('65', 'd6167c3e-d1d0-4aaf-8cfb-d686ee52f273', '7223d9e7ec4d676be8a93c71126828bb', '1', '89', 'device', '2015-11-05 15:53:25', null, '组证书', null, '20', 'group', 'mqtt:eastsoft:things:*:publish,mqtt:eastsoft:things:*:subscription,mqtt:eastsoft:things:*:connection');INSERT INTO `iot_credential`(`id`, `username`, `password`, `status`, `project_id`, `type`, `create_time`, `update_time`, `alias`, `description`, `tenant_id`, `mqttPermissionLevel`, `mqtt_permission`) VALUES ('66', 'f551c1b3-b8bb-4111-90be-1046c4a0c9f0', 'c07d72e19c62bc0068f3e6b54c31eda9', '1', '89', 'device', '2015-11-05 16:01:43', null, '设备证书', null, '20', 'device', 'mqtt:eastsoft:mycat:mycat001:publish,mqtt:eastsoft:mycat:mycat001:subscription,mqtt:eastsoft:mycat:mycat001:connection');INSERT INTO `iot_credential`(`id`, `username`, `password`, `status`, `project_id`, `type`, `create_time`, `update_time`, `alias`, `description`, `tenant_id`, `mqttPermissionLevel`, `mqtt_permission`) VALUES ('67', 'eastsoft', 'fe100fff83a44295f728962b64c3f07a', '1', '89', 'device', '2015-10-27 17:06:57', NULL, '设备证书', NULL, '20', 'project', 'mqtt:eastsoft:*:*:conn,mqtt:eastsoft:*:*:pub,mqtt:eastsoft:*:*:sub,http:eastsoft:*:*:pub');INSERT INTO `iot_credential`(`id`, `username`, `password`, `status`, `project_id`, `type`, `create_time`, `update_time`, `alias`, `description`, `tenant_id`, `mqttPermissionLevel`, `mqtt_permission`) VALUES ('68', 'es', 'fe100fff83a44295f728962b64c3f07a', '1', '89', 'device', '2015-10-27 17:06:57', NULL, '设备证书', NULL, '20', 'project', 'mqtt:eastsoft:*:*:conn,mqtt:eastsoft:*:*:pub,mqtt:eastsoft:*:*:sub,http:eastsoft:*:*:pub');-- ------------------------------ Records of credentials_roles-- ----------------------------INSERT INTO `credentials_roles`(`credential_id`, `role_id`, `id`) VALUES ('64', '7', '64');INSERT INTO `credentials_roles`(`credential_id`, `role_id`, `id`) VALUES ('64', '8', '65');INSERT INTO `credentials_roles`(`credential_id`, `role_id`, `id`) VALUES ('65', '7', '96');INSERT INTO `credentials_roles`(`credential_id`, `role_id`, `id`) VALUES ('65', '8', '97');INSERT INTO `credentials_roles`(`credential_id`, `role_id`, `id`) VALUES ('66', '8', '98');INSERT INTO `credentials_roles`(`credential_id`, `role_id`, `id`) VALUES ('66', '7', '99');-- ------------------------------ Records of iot_tenant-- ----------------------------INSERT INTO `iot_tenant` (`id`, `name`, `description`, `organization`, `code`, `level`, `contact`, `email`, `status`, `phone`, `create_time`, `update_time`)VALUES ('20', 'eastsoft管理员', null, 'organization3', '123003', null, null, 'testuser3@163.com', '1', '13012345680', '2015-10-22 15:31:52', null);-- ------------------------------ Records of iot_project-- ----------------------------INSERT INTO `iot_project` (`id`, `name`, `description`, `partition_policy`, `status`,  `domain`, `create_time`, `update_time`, `tenant_id`)VALUES ('89', '东软物联平台', null, null, '1',  'eastsoft', '2015-11-05 15:47:12', null, '20');-- ------------------------------ Records of iot_group-- ----------------------------INSERT INTO `iot_group` (`id`, `name`, `project_id`, `status`, `code`, `create_time`, `update_time`)VALUES ('94', 'things', '89', '1', null, '2015-11-05 15:47:12', null);INSERT INTO `iot_group` (`id`, `name`, `project_id`, `status`, `code`, `create_time`, `update_time`)VALUES ('95', 'mydog', '89', '1', null, '2015-11-05 15:47:26', null);INSERT INTO `iot_group` (`id`, `name`, `project_id`, `status`, `code`, `create_time`, `update_time`)VALUES ('96', 'mycat', '89', '1', null, '2015-11-05 15:47:35', null);INSERT INTO `iot_group` (`id`, `name`, `project_id`, `status`, `code`, `create_time`, `update_time`)VALUES ('97', '$SYS', '89', '1', null, '2015-11-05 15:47:35', null);-- ------------------------------ Records of iot_device-- ----------------------------INSERT INTO `iot_device`(`id`, `name`, `clientId`, `status`, `description`, `group_id`, `create_time`, `update_time`, `code`, `project_id`) VALUES ('1', '$SYS/connect', 'connect', '1', NULL, '97', '2015-11-05 19:16:15', '2015-11-06 13:28:22', 'eastsoft/$SYS/connect', '89');INSERT INTO `iot_device`(`id`, `name`, `clientId`, `status`, `description`, `group_id`, `create_time`, `update_time`, `code`, `project_id`) VALUES ('2', '$SYS/disconnect', 'disconnect', '1', NULL, '97', '2015-11-05 19:18:01', '2015-11-06 13:27:09', 'eastsoft/$SYS/disconnect', '89');INSERT INTO `iot_device`(`id`, `name`, `clientId`, `status`, `description`, `group_id`, `create_time`, `update_time`, `code`, `project_id`) VALUES ('3', '$SYS/lostconnect', 'lostconnect', '1', NULL, '97', '2015-11-05 19:18:01', '2015-11-06 13:27:33', 'eastsoft/$SYS/lostconnect', '89');INSERT INTO `iot_device`(`id`, `name`, `clientId`, `status`, `description`, `group_id`, `create_time`, `update_time`, `code`, `project_id`) VALUES ('24', '宠物狗', 'mydog001', '1', '', '95', '2015-11-05 15:47:26', null, 'eastsoft/mydog/mydog001', '89');INSERT INTO `iot_device`(`id`, `name`, `clientId`, `status`, `description`, `group_id`, `create_time`, `update_time`, `code`, `project_id`) VALUES ('25', '机器猫', 'mycat001', '1', '', '96', '2015-11-05 15:47:35', null, 'eastsoft/mycat/mycat001', '89');-- ------------------------------ Records of iot_geofences-- ----------------------------INSERT INTO `iot_geofences` (`id`, `name`, `project_id`, `device_id`, `topic`, `latitude`, `longitude`, `radius`, `address`, `create_time`, `update_time`, `description`, `status`)VALUES ('1', '机器猫位置', '89', '25', 'eastsoft/mycat/mycat001', '36.082', '120.365', '90', null, '2015-11-05 16:58:45', null, '', '1');INSERT INTO `iot_geofences` (`id`, `name`, `project_id`, `device_id`, `topic`, `latitude`, `longitude`, `radius`, `address`, `create_time`, `update_time`, `description`, `status`)VALUES ('2', '宠物狗位置', '89', '24', 'eastsoft/mydog/mydog001', '36.089', '120.367', '0', null, '2015-11-05 17:01:45', '2015-11-05 17:02:04', '', '1');-- ------------------------------ Records of iot_log-- ----------------------------INSERT INTO `iot_log` (`id`, `tenant_id`, `operator`, `device`, `time`, `operation`, `description`, `create_time`) VALUES (1, 20, "admin", "mycat", "2015-11-01 12:23:09", "插入设备", NULL, NULL);-- ------------------------------ Records of iot_rule-- ----------------------------INSERT INTO `iot_rule` (`id`, `name`, `project_id`, `topic_filter`, `content_filter`, `action`, `create_by`, `update_by`, `create_time`, `update_time`, `status`, `description`, `expiry_time`, `effective_time`)VALUES ('2', '东软工程数据过滤', '89', 'eastsoft/#', '', '[{\"action\":\"email\",\"emailParams\":{\"target\":\"zhangyoumeng@eastsoft.com.cn\",\"title\":\"工程数据过滤\",\"content\":\"工程数据过滤\",\"quality\":2}}]', null, null, '2015-11-05 16:08:31', null, '1', '', '2015-11-05 16:08:35', '2015-11-05 16:08:35');INSERT INTO `iot_rule` (`id`, `name`, `project_id`, `topic_filter`, `content_filter`, `action`, `create_by`, `update_by`, `create_time`, `update_time`, `status`, `description`, `expiry_time`, `effective_time`)VALUES ('3', '东软组数据过滤', '89', 'eastsoft/mydog/#', '', '[{\"action\":\"http\",\"httpParams\":{\"url\":\"http://127.0.0.1/data\",\"body\":\"{payload:\\\"\\\"]\",\"quality\":2}}]', null, null, '2015-11-05 16:24:26', null, '1', '', '2015-11-05 16:24:31', '2015-11-05 16:24:31');INSERT INTO `iot_rule` (`id`, `name`, `project_id`, `topic_filter`, `content_filter`, `action`, `create_by`, `update_by`, `create_time`, `update_time`, `status`, `description`, `expiry_time`, `effective_time`)VALUES ('4', '东软设备过滤', '89', 'eastsoft/mydog/mydog001', 'select * from eastsoft_mydog_mydog001 where temperature >= 25', '[{\"action\":\"publish\",\"publishParams\":{\"topic\":\"$sys/publish\",\"payload\":\"{payload:\\\"温度达到设定阈值\\\"}\",\"quality\":2}}]', null, null, '2015-11-05 16:26:33', null, '1', '', '2015-11-05 16:26:39', '2015-11-05 16:26:39');